{
  "GET /api/notes" : {
    "transaction" : "GET /api/notes",
    "sampleCount" : 100,
    "errorCount" : 0,
    "errorPct" : 0.0,
    "meanResTime" : 619.1799999999998,
    "medianResTime" : 625.0,
    "minResTime" : 364.0,
    "maxResTime" : 956.0,
    "pct1ResTime" : 688.9,
    "pct2ResTime" : 722.6499999999999,
    "pct3ResTime" : 954.7399999999993,
    "throughput" : 1.6823970793586702,
    "receivedKBytesPerSec" : 2.3734285359780616,
    "sentKBytesPerSec" : 0.4534585877958916
  },
  "POST /api/notes" : {
    "transaction" : "POST /api/notes",
    "sampleCount" : 100,
    "errorCount" : 0,
    "errorPct" : 0.0,
    "meanResTime" : 631.6700000000002,
    "medianResTime" : 635.5,
    "minResTime" : 379.0,
    "maxResTime" : 942.0,
    "pct1ResTime" : 686.7,
    "pct2ResTime" : 717.8499999999999,
    "pct3ResTime" : 940.5499999999993,
    "throughput" : 1.679797080512674,
    "receivedKBytesPerSec" : 1.4780245796307807,
    "sentKBytesPerSec" : 0.6446877467201962
  },
  "Total" : {
    "transaction" : "Total",
    "sampleCount" : 400,
    "errorCount" : 0,
    "errorPct" : 0.0,
    "meanResTime" : 642.0224999999999,
    "medianResTime" : 638.5,
    "minResTime" : 364.0,
    "maxResTime" : 1220.0,
    "pct1ResTime" : 729.9000000000001,
    "pct2ResTime" : 756.9,
    "pct3ResTime" : 932.3800000000006,
    "throughput" : 6.481826578729886,
    "receivedKBytesPerSec" : 5.939986388164185,
    "sentKBytesPerSec" : 2.0018336479719987
  },
  "DELETE /api/notes/{id}" : {
    "transaction" : "DELETE /api/notes/{id}",
    "sampleCount" : 100,
    "errorCount" : 0,
    "errorPct" : 0.0,
    "meanResTime" : 616.8899999999998,
    "medianResTime" : 630.0,
    "minResTime" : 379.0,
    "maxResTime" : 828.0,
    "pct1ResTime" : 697.0,
    "pct2ResTime" : 747.6999999999999,
    "pct3ResTime" : 827.6599999999999,
    "throughput" : 1.6802486768041671,
    "receivedKBytesPerSec" : 1.0304650088213057,
    "sentKBytesPerSec" : 0.5300003150466269
  },
  "POST /api/users/login" : {
    "transaction" : "POST /api/users/login",
    "sampleCount" : 100,
    "errorCount" : 0,
    "errorPct" : 0.0,
    "meanResTime" : 700.3499999999997,
    "medianResTime" : 714.0,
    "minResTime" : 457.0,
    "maxResTime" : 1220.0,
    "pct1ResTime" : 778.2,
    "pct2ResTime" : 815.8499999999999,
    "pct3ResTime" : 1217.1299999999985,
    "throughput" : 1.6646690637901185,
    "receivedKBytesPerSec" : 1.2680096384338793,
    "sentKBytesPerSec" : 0.4438033734518578
  }
}